fund_name,report_date,security_name,security_type,country_iso3,sector,shares,principal,market_value
gsam_emerging_markets_equity,"April 30, 2024","Aier Eye Hospital Group Co. Ltd., Class A( Health Care Equipment& Services)",Common Stock,CHN,,99816.0,,176979.0
gsam_emerging_markets_equity,"April 30, 2024",Alibaba Group Holding Ltd. ( Consumer Discretionary Distribution& Retail),Common Stock,CHN,,166076.0,,1554980.0
gsam_emerging_markets_equity,"April 30, 2024","Anji Microelectronics Technology Shanghai Co. Ltd., Class A( Semiconductors& Semiconductor Equipment)",Common Stock,CHN,,14134.0,,320947.0
gsam_emerging_markets_equity,"April 30, 2024",ANTTTASports Products Ltd. ( Consumer Durables& Apparel),Common Stock,CHN,,57200.0,,647561.0
gsam_emerging_markets_equity,"April 30, 2024","Baidu, Inc., Class A( Media& Entertainment)*",Common Stock,CHN,,39050.0,,505916.0
gsam_emerging_markets_equity,"April 30, 2024","Bankof Jiangsu Co. Ltd., Class A( Banks)",Common Stock,CHN,,603800.0,,671979.0
gsam_emerging_markets_equity,"April 30, 2024","Bankof Ningbo Co. Ltd., Class A( Banks)",Common Stock,CHN,,100341.0,,316286.0
gsam_emerging_markets_equity,"April 30, 2024","BYDCo. Ltd., Class A ( Automobiles& Components)",Common Stock,CHN,,8800.0,,263750.0
gsam_emerging_markets_equity,"April 30, 2024","BYDCo. Ltd., Class H ( Automobiles& Components)",Common Stock,CHN,,18000.0,,493426.0
gsam_emerging_markets_equity,"April 30, 2024","China Merchants Bank Co. Ltd., Class A( Banks)",Common Stock,CHN,,137400.0,,647181.0
gsam_emerging_markets_equity,"April 30, 2024","China Merchants Bank Co. Ltd., Class H( Banks)",Common Stock,CHN,,152000.0,,658290.0
gsam_emerging_markets_equity,"April 30, 2024","China Petroleum& Chemical Corp., Class H( Energy)",Common Stock,CHN,,1506000.0,,898934.0
gsam_emerging_markets_equity,"April 30, 2024","China Resources Sanjiu Medical& Pharmaceutical Co. Ltd., Class A( Pharmaceuticals, Biotechnology& Life Sciences)",Common Stock,CHN,,34200.0,,282749.0
gsam_emerging_markets_equity,"April 30, 2024","China Tower Corp. Ltd., Class H( Telecommunication Services)(a)",Common Stock,CHN,,2500000.0,,292648.0
gsam_emerging_markets_equity,"April 30, 2024","China Yangtze Power Co. Ltd., Class A( Utilities)",Common Stock,CHN,,273500.0,,972409.0
gsam_emerging_markets_equity,"April 30, 2024","CITICSecurities Co. Ltd., Class H( Financial Services)",Common Stock,CHN,,206000.0,,327976.0
gsam_emerging_markets_equity,"April 30, 2024","Contemporary Amperex Technology Co. Ltd., Class A ( Capital Goods)",Common Stock,CHN,,36436.0,,1017351.0
gsam_emerging_markets_equity,"April 30, 2024","East Money Information Co. Ltd., Class A( Financial Services)",Common Stock,CHN,,174691.0,,312821.0
gsam_emerging_markets_equity,"April 30, 2024","Fuyao Glass Industry Group Co. Ltd., Class A( Automobiles& Components)",Common Stock,CHN,,96280.0,,660851.0
gsam_emerging_markets_equity,"April 30, 2024",HWWWorld Group Ltd.( Consumer Services),Common Stock,CHN,,58000.0,,215799.0
gsam_emerging_markets_equity,"April 30, 2024",HWWWorld Group Ltd. ADR ( Consumer Services),Common Stock,CHN,,4018.0,,147501.0
gsam_emerging_markets_equity,"April 30, 2024",Haidilao International Holding Ltd.( Consumer Services)(a),Common Stock,CHN,,122000.0,,275257.0
gsam_emerging_markets_equity,"April 30, 2024","Hualan Biological Engineering, Inc., Class A( Pharmaceuticals, Biotechnology& Life Sciences)",Common Stock,CHN,,113700.0,,304709.0
gsam_emerging_markets_equity,"April 30, 2024","Inner Mongolia Yili Industrial Group Co. Ltd., Class A( Fooddd, Beverage& TTTobacco)",Common Stock,CHN,,91000.0,,357999.0
gsam_emerging_markets_equity,"April 30, 2024","Innooovent Biologics, Inc.( Pharmaceuticals, Biotechnology& Life Sciences)*(a)",Common Stock,CHN,,50500.0,,244469.0
gsam_emerging_markets_equity,"April 30, 2024","JD.com, Inc., Class A ( Consumer Discretionary Distribution& Retail)",Common Stock,CHN,,47150.0,,679355.0
gsam_emerging_markets_equity,"April 30, 2024","Jiangsu Expresswaaay Co. Ltd., Class A( Transportation)",Common Stock,CHN,,231900.0,,354546.0
gsam_emerging_markets_equity,"April 30, 2024","Jiangsu Hengrui Pharmaceuticals Co. Ltd., Class A( Pharmaceuticals, Biotechnology& Life Sciences)",Common Stock,CHN,,71496.0,,453232.0
gsam_emerging_markets_equity,"April 30, 2024","KEHoldings, Inc. ADR ( Real Estate Management& Development)",Common Stock,CHN,,8954.0,,135384.0
gsam_emerging_markets_equity,"April 30, 2024",Kingdee International Software Group Co. Ltd.( Software& Services)*,Common Stock,CHN,,130000.0,,137153.0
gsam_emerging_markets_equity,"April 30, 2024","Kweichow Moutai Co. Ltd., Class A( Fooddd, Beverage& Tobacco)",Common Stock,CHN,,7219.0,,1689671.0
gsam_emerging_markets_equity,"April 30, 2024","Li Auto, Inc., Class A ( Automobiles& Components)*",Common Stock,CHN,,19300.0,,252867.0
gsam_emerging_markets_equity,"April 30, 2024","Meituan, Class B( Consumer Services)*(a)",Common Stock,CHN,,65790.0,,898332.0
gsam_emerging_markets_equity,"April 30, 2024","Midea Group Co. Ltd., Class A ( Consumer Durables& Apparel)",Common Stock,CHN,,79500.0,,763284.0
gsam_emerging_markets_equity,"April 30, 2024","Montage Technology Co. Ltd., Class A( Semiconductors& Semiconductor Equipment)",Common Stock,CHN,,37833.0,,262302.0
gsam_emerging_markets_equity,"April 30, 2024","NARITechnology Co. Ltd., Class A( Capital Goods)",Common Stock,CHN,,147036.0,,474745.0
gsam_emerging_markets_equity,"April 30, 2024","Ningbo Tuopu Group Co. Ltd., Class A( Automobiles& Components)",Common Stock,CHN,,33150.0,,284763.0
gsam_emerging_markets_equity,"April 30, 2024","PDDHoldings, Inc. ADR ( Consumer Discretionary Distribution& Retail)*",Common Stock,CHN,,3896.0,,487701.0
gsam_emerging_markets_equity,"April 30, 2024","Petro China Co. Ltd., Class H ( Energy)",Common Stock,CHN,,720000.0,,670854.0
gsam_emerging_markets_equity,"April 30, 2024","PICCProperty& Casualty Co. Ltd., Class H( Insurance)",Common Stock,CHN,,418000.0,,519316.0
gsam_emerging_markets_equity,"April 30, 2024","Ping An Insurance Group Co.of China Ltd., Class A( Insurance)",Common Stock,CHN,,62700.0,,355803.0
gsam_emerging_markets_equity,"April 30, 2024","Ping An Insurance Group Co.of China Ltd., Class H( Insurance)",Common Stock,CHN,,115500.0,,523456.0
gsam_emerging_markets_equity,"April 30, 2024","Postal Saaavings Bankof China Co. Ltd., Class A( Banks)",Common Stock,CHN,,1172055.0,,774314.0
gsam_emerging_markets_equity,"April 30, 2024","SGMicro Corp., Class A( Semiconductors& Semiconductor Equipment)",Common Stock,CHN,,27650.0,,291527.0
gsam_emerging_markets_equity,"April 30, 2024","Shenzhen Inooovance Technology Co. Ltd., Class A( Capital Goods) Theaccompanyingnotesareanintegralpartofthesefinancialstatements.",Common Stock,CHN,,37678.0,,17.0
gsam_emerging_markets_equity,"April 30, 2024","Shenzhen Mindraaay Bio- Medical Electronics Co. Ltd., Class A ( Health Care Equipment& Services)",Common Stock,CHN,,11000.0,,461086.0
gsam_emerging_markets_equity,"April 30, 2024","Sieyuan Electric Co. Ltd., Class A( Capital Goods)",Common Stock,CHN,,46000.0,,412034.0
gsam_emerging_markets_equity,"April 30, 2024","Sinotrans Ltd., Class A ( TTTransportation)",Common Stock,CHN,,374100.0,,302737.0
gsam_emerging_markets_equity,"April 30, 2024","Sungrow Power Supply Co. Ltd., Class A( Capital Goods)",Common Stock,CHN,,18012.0,,255360.0
gsam_emerging_markets_equity,"April 30, 2024","Sunresin New Materials Co. Ltd., Class A( Materials)",Common Stock,CHN,,34149.0,,219272.0
gsam_emerging_markets_equity,"April 30, 2024",Tencent Holdings Ltd.( Media & Entertainment),Common Stock,CHN,,83300.0,,3655471.0
gsam_emerging_markets_equity,"April 30, 2024",Tencent Music Entertainment Group ADR( Media& Entertainment)*,Common Stock,CHN,,21515.0,,270013.0
gsam_emerging_markets_equity,"April 30, 2024",Trip.com Group Ltd.( Consumer Services)*,Common Stock,CHN,,17200.0,,837767.0
gsam_emerging_markets_equity,"April 30, 2024","Tsingtao Brewery Co. Ltd., Class H( Fooddd, Beverage& Tobacco)",Common Stock,CHN,,50000.0,,360320.0
gsam_emerging_markets_equity,"April 30, 2024","Venustech Group, Inc., Class A ( Software& Services)",Common Stock,CHN,,78500.0,,211956.0
gsam_emerging_markets_equity,"April 30, 2024","Wanhua Chemical Group Co. Ltd., Class A( Materials)",Common Stock,CHN,,19498.0,,238461.0
gsam_emerging_markets_equity,"April 30, 2024","Weichai Power Co. Ltd., Class A( Capital Goods)",Common Stock,CHN,,248698.0,,595624.0
gsam_emerging_markets_equity,"April 30, 2024","Wens Foodstuffffs Group Co. Ltd., Class A( Fooddd, Beverage& Tobacco)",Common Stock,CHN,,86966.0,,229953.0
gsam_emerging_markets_equity,"April 30, 2024","Will Semiconductor Co. Ltd. Shanghai, Class A( Semiconductors& Semiconductor Equipment)",Common Stock,CHN,,25139.0,,350676.0
gsam_emerging_markets_equity,"April 30, 2024","Wu Xi App TTTec Co. Ltd., Class H( Pharmaceuticals, Biotechnology& Life Sciences)(a)",Common Stock,CHN,,20228.0,,91048.0
gsam_emerging_markets_equity,"April 30, 2024","Xiaomi Corp., Class B ( TTTechnology Hardware& Equipment)*(a)",Common Stock,CHN,,321400.0,,700629.0
gsam_emerging_markets_equity,"April 30, 2024","Yifeng Pharmacy Chain Co. Ltd., Class A( Consumer Staples Distribution& Retail)",Common Stock,CHN,,46528.0,,280952.0
gsam_emerging_markets_equity,"April 30, 2024","Yunnan Aluminium Co. Ltd., Class A( Materials)",Common Stock,CHN,,284070.0,,559584.0
gsam_emerging_markets_equity,"April 30, 2024","Zhejiang Sanhua Intelligent Controls Co. Ltd., Class A ( Capital Goods)",Common Stock,CHN,,46719.0,,140792.0
gsam_emerging_markets_equity,"April 30, 2024","Zhongji Innolight Co. Ltd., Class A( Technology Hardware & Equipment)",Common Stock,CHN,,20600.0,,518364.0
gsam_emerging_markets_equity,"April 30, 2024","Zijin Mining Group Co. Ltd., Class H( Materials)",Common Stock,CHN,,544000.0,,1186720.0
gsam_emerging_markets_equity,"April 30, 2024","ZTOExpress Caaayman, Inc. ADR( TTTransportation)",Common Stock,CHN,,21801.0,,35222857.0
gsam_emerging_markets_equity,"April 30, 2024",AIAGroup Ltd.( Insurance),Common Stock,HKG,,16200.0,,118655.0
gsam_emerging_markets_equity,"April 30, 2024",ASMPTLtd.( Semiconductors & Semiconductor Equipment),Common Stock,HKG,,20500.0,,254767.0
gsam_emerging_markets_equity,"April 30, 2024",Hong Kong Exchanges& Clearing Ltd.( Financial Services),Common Stock,HKG,,5901.0,,187501.0
gsam_emerging_markets_equity,"April 30, 2024","Sino Biopharmaceutical Ltd.( Pharmaceuticals, Biotechnology& Life Sciences)",Common Stock,HKG,,121500.0,,41516.0
gsam_emerging_markets_equity,"April 30, 2024",Sino Land Co. Ltd.( Real Estate Management& Development),Common Stock,HKG,,168000.0,,179626.0
gsam_emerging_markets_equity,"April 30, 2024",Techtronic Industries Co. Ltd. ( Capital Goods),Common Stock,HKG,,9500.0,,913348.0
gsam_emerging_markets_equity,"April 30, 2024","Chroma ATE, Inc.( TTTechnology Hardware& Equipment)",Common Stock,TWN,,36000.0,,292382.0
gsam_emerging_markets_equity,"April 30, 2024",Jentech Precision Industrial Co. Ltd.( Semiconductors& Semiconductor Equipment),Common Stock,TWN,,13000.0,,36815368.0
gsam_emerging_markets_equity,"April 30, 2024",Caixa Seguridade Participacoes SA( Insurance),Common Stock,BRA,,2794579.0,,8427976.0
gsam_emerging_markets_equity,"April 30, 2024",Fleury SA( Health Care Equipment& Services),Common Stock,BRA,,3097700.0,,8638196.0
gsam_emerging_markets_equity,"April 30, 2024","Mercado Libre, Inc.( Consumer Discretionary Distribution& Retail)*",Common Stock,BRA,,22378.0,,32642789.0
gsam_emerging_markets_equity,"April 30, 2024","NUHoldings Ltd., Class A ( Banks)*",Common Stock,BRA,,1712468.0,,18597403.0
gsam_emerging_markets_equity,"April 30, 2024",Odontoprev SA( Health Care Equipment& Services),Common Stock,BRA,,1265710.0,,2912844.0
gsam_emerging_markets_equity,"April 30, 2024",PRIOSA( Energy),Common Stock,BRA,,1001900.0,,9261488.0
gsam_emerging_markets_equity,"April 30, 2024",Raia Drogasil SA( Consumer Staples Distribution& Retail),Common Stock,BRA,,2115600.0,,10421956.0
gsam_emerging_markets_equity,"April 30, 2024",Rumo SA( TTTransportation)*,Common Stock,BRA,,2457100.0,,9539563.0
gsam_emerging_markets_equity,"April 30, 2024",Sendas Distribuidora SA ( Consumer Staples Distribution & Retail)*,Common Stock,BRA,,5693200.0,,14384852.0
gsam_emerging_markets_equity,"April 30, 2024",TIMSA( TTTelecommunication Services),Common Stock,BRA,,4072400.0,,13810993.0
gsam_emerging_markets_equity,"April 30, 2024",TOTVSSA( Software& Services),Common Stock,BRA,,2324300.0,,12327393.0
gsam_emerging_markets_equity,"April 30, 2024",Vivara Participacoes SA ( Consumer Durables& Apparel),Common Stock,BRA,,957400.0,,145051264.0
gsam_emerging_markets_equity,"April 30, 2024",Alibaba Group Holding Ltd. ( Consumer Discretionary Distribution& Retail),Common Stock,CHN,,8632224.0,,80824070.0
gsam_emerging_markets_equity,"April 30, 2024",ANTTTASports Products Ltd. ( Consumer Durables& Apparel),Common Stock,CHN,,2054200.0,,23255583.0
gsam_emerging_markets_equity,"April 30, 2024","BYDCo. Ltd., Class H ( Automobiles& Components)",Common Stock,CHN,,908500.0,,24904332.0
gsam_emerging_markets_equity,"April 30, 2024","China Merchants Bank Co. Ltd., Class H( Banks)",Common Stock,CHN,,9166000.0,,39696641.0
gsam_emerging_markets_equity,"April 30, 2024","China Yangtze Power Co. Ltd., Class A( Utilities)",Common Stock,CHN,,3761780.0,,13374734.0
gsam_emerging_markets_equity,"April 30, 2024","Contemporary Amperex Technology Co. Ltd., Class A ( Capital Goods)",Common Stock,CHN,,881574.0,,24614956.0
gsam_emerging_markets_equity,"April 30, 2024","Fuyao Glass Industry Group Co. Ltd., Class H( Automobiles& Components)(a)",Common Stock,CHN,,3095600.0,,18533553.0
gsam_emerging_markets_equity,"April 30, 2024","Hualan Biological Engineering, Inc., Class A( Pharmaceuticals, Biotechnology& Life Sciences)",Common Stock,CHN,,3800797.0,,10185910.0
gsam_emerging_markets_equity,"April 30, 2024","KEHoldings, Inc. ADR ( Real Estate Management& Development)",Common Stock,CHN,,1115246.0,,16862520.0
gsam_emerging_markets_equity,"April 30, 2024","Kweichow Moutai Co. Ltd., Class A( Fooddd, Beverage& Tobacco)",Common Stock,CHN,,278651.0,,65220750.0
gsam_emerging_markets_equity,"April 30, 2024","Meituan, Class B( Consumer Services)*(a)",Common Stock,CHN,,3031200.0,,41389615.0
gsam_emerging_markets_equity,"April 30, 2024","Midea Group Co. Ltd., Class A ( Consumer Durables& Apparel)",Common Stock,CHN,,1808300.0,,17361590.0
gsam_emerging_markets_equity,"April 30, 2024","NARITechnology Co. Ltd., Class A( Capital Goods)",Common Stock,CHN,,3179300.0,,10265212.0
gsam_emerging_markets_equity,"April 30, 2024","PICCProperty& Casualty Co. Ltd., Class H( Insurance)",Common Stock,CHN,,13158000.0,,16347280.0
gsam_emerging_markets_equity,"April 30, 2024","Ping An Insurance Group Co.of China Ltd., Class H( Insurance)",Common Stock,CHN,,4375000.0,,19827864.0
gsam_emerging_markets_equity,"April 30, 2024","Ping An Insurance Group Co.of China Ltd., Class H( Insurance)",Common Stock,CHN,,775500.0,,3514631.0
gsam_emerging_markets_equity,"April 30, 2024","Shenzhen Mindraaay Bio- Medical Electronics Co. Ltd., Class A ( Health Care Equipment& Services)",Common Stock,CHN,,395329.0,,16570959.0
gsam_emerging_markets_equity,"April 30, 2024",Shenzhou International Group Holdings Ltd.( Consumer Durables& Apparel),Common Stock,CHN,,2095300.0,,20595148.0
gsam_emerging_markets_equity,"April 30, 2024",Silergy Corp.( Semiconductors & Semiconductor Equipment),Common Stock,CHN,,1354988.0,,17995768.0
gsam_emerging_markets_equity,"April 30, 2024","Sunresin New Materials Co. Ltd., Class A( Materials)",Common Stock,CHN,,1675740.0,,10759999.0
gsam_emerging_markets_equity,"April 30, 2024",Tencent Holdings Ltd.( Media & Entertainment),Common Stock,CHN,,3471200.0,,152327365.0
gsam_emerging_markets_equity,"April 30, 2024",Tencent Music Entertainment Group ADR( Media& Entertainment)*,Common Stock,CHN,,925692.0,,11617435.0
gsam_emerging_markets_equity,"April 30, 2024","Weichai Power Co. Ltd., Class H( Capital Goods)",Common Stock,CHN,,8514000.0,,17397192.0
gsam_emerging_markets_equity,"April 30, 2024","Will Semiconductor Co. Ltd. Shanghai, Class A( Semiconductors& Semiconductor Equipment)",Common Stock,CHN,,1127616.0,,15729678.0
gsam_emerging_markets_equity,"April 30, 2024","Yunnan Aluminium Co. Ltd., Class A( Materials)",Common Stock,CHN,,11726992.0,,23100789.0
gsam_emerging_markets_equity,"April 30, 2024","Zhejiang Sanhua Intelligent Controls Co. Ltd., Class A ( Capital Goods)",Common Stock,CHN,,3128392.0,,9427668.0
gsam_emerging_markets_equity,"April 30, 2024","Zhongji Innolight Co. Ltd., Class A( Technology Hardware & Equipment)",Common Stock,CHN,,631597.0,,15893054.0
gsam_emerging_markets_equity,"April 30, 2024","Zijin Mining Group Co. Ltd., Class H( Materials)",Common Stock,CHN,,6994000.0,,15257212.0
gsam_emerging_markets_equity,"April 30, 2024","ZTOExpress Caaayman, Inc. ADR( TTTransportation)",Common Stock,CHN,,713913.0,,767836542.0
gsam_emerging_markets_equity,"April 30, 2024","Commercial International Bank - Egypt( CIB), GDR( Banks)",Common Stock,EGY,,8531781.0,,12644099.0
gsam_emerging_markets_equity,"April 30, 2024",JUMBOSA( Consumer Discretionary Distribution& Retail),Common Stock,GRC,,522297.0,,16264805.0
gsam_emerging_markets_equity,"April 30, 2024",Mytilineos SA( Capital Goods),Common Stock,GRC,,213949.0,,8679937.0
gsam_emerging_markets_equity,"April 30, 2024",National Bankof Greece SA ( Banks)*,Common Stock,GRC,,4238444.0,,34195919.0
gsam_emerging_markets_equity,"April 30, 2024",Piraeus Financial Holdings SA ( Banks)*,Common Stock,GRC,,2859022.0,,70593771.0
gsam_emerging_markets_equity,"April 30, 2024",Alinma Bank( Banks),Common Stock,SAU,,1490493.0,,13221466.0
gsam_emerging_markets_equity,"April 30, 2024",Co.for Cooperative Insurance ( The)( Insurance),Common Stock,SAU,,331245.0,,13146315.0
gsam_emerging_markets_equity,"April 30, 2024",Saudi Arabian Oil Co. ( Energy)(a),Common Stock,SAU,,3308848.0,,26512854.0
gsam_emerging_markets_equity,"April 30, 2024",Saudi National Bank( The) ( Banks),Common Stock,SAU,,1214263.0,,65035970.0
gsam_emerging_markets_equity,"April 30, 2024",Nanofffilm Technologies International Ltd.( Materials),Common Stock,SGP,,7450093.0,,3518896.0
gsam_emerging_markets_equity,"April 30, 2024","TDCX, Inc. ADR( Commercial & Professional Services)*",Common Stock,SGP,,562724.0,,7548000.0
gsam_emerging_markets_equity,"April 30, 2024","Nooova Ljubljanska Bankadddd, GDR( Banks)",Common Stock,SVN,,845510.0,,18227041.0
gsam_emerging_markets_equity,"April 30, 2024",Clicks Group Ltd.( Consumer Staples Distribution& Retail),Common Stock,ZAF,,1172869.0,,18167045.0
gsam_emerging_markets_equity,"April 30, 2024",JSELtd.( Financial Services),Common Stock,ZAF,,1552394.0,,7088410.0
gsam_emerging_markets_equity,"April 30, 2024",Old Mutual Ltd.( Insurance)(c),Common Stock,ZAF,,20600993.0,,37317510.0
gsam_emerging_markets_equity,"April 30, 2024",HDHyundai Marine Solution Co. Ltd.( Engineering& Construction)*,Common Stock,KOR,,74450.0,,4492533.0
gsam_emerging_markets_equity,"April 30, 2024",Hyundai Motor Co. ( Automobiles& Components),Common Stock,KOR,,123928.0,,22291666.0
gsam_emerging_markets_equity,"April 30, 2024",JYPEntertainment Corp. ( Media& Entertainment),Common Stock,KOR,,243974.0,,11669008.0
gsam_emerging_markets_equity,"April 30, 2024","KBFinancial Group, Inc. ( Banks)",Common Stock,KOR,,451790.0,,24503706.0
gsam_emerging_markets_equity,"April 30, 2024","LGElectronics, Inc.( Consumer Durables& Apparel)",Common Stock,KOR,,271321.0,,18070554.0
gsam_emerging_markets_equity,"April 30, 2024",NCSoft Corp.( Media& Entertainment),Common Stock,KOR,,37299.0,,4712742.0
gsam_emerging_markets_equity,"April 30, 2024","Orion Corp.( Fooddd, Beverage& Tobacco)",Common Stock,KOR,,67563.0,,4521575.0
gsam_emerging_markets_equity,"April 30, 2024","Samsung Biologics Co. Ltd.( Pharmaceuticals, Biotechnology& Life Sciences)*(a)",Common Stock,KOR,,26638.0,,14972091.0
gsam_emerging_markets_equity,"April 30, 2024",Samsung E& ACo. Ltd.( Capital Goods)*,Common Stock,KOR,,470986.0,,8929576.0
gsam_emerging_markets_equity,"April 30, 2024",Samsung Electronics Co. Ltd. ( TTTechnology Hardware& Equipment),Common Stock,KOR,,3192490.0,,177459786.0
gsam_emerging_markets_equity,"April 30, 2024",Samsung SDICo. Ltd. ( TTTechnology Hardware& Equipment),Common Stock,KOR,,53034.0,,308035625.0
gsam_emerging_markets_equity,"April 30, 2024",Chailease Holding Co. Ltd. ( Financial Services),Common Stock,TWN,,3064589.0,,16163447.0
gsam_emerging_markets_equity,"April 30, 2024","Chroma ATE, Inc.( TTTechnology Hardware& Equipment)",Common Stock,TWN,,1060000.0,,8609021.0
gsam_emerging_markets_equity,"April 30, 2024","Delta Electronics, Inc. ( TTTechnology Hardware& Equipment)",Common Stock,TWN,,2205000.0,,21594217.0
gsam_emerging_markets_equity,"April 30, 2024",Jentech Precision Industrial Co. Ltd.( Semiconductors& Semiconductor Equipment),Common Stock,TWN,,465000.0,,13834870.0
gsam_emerging_markets_equity,"April 30, 2024","Media TTTek, Inc.( Semiconductors & Semiconductor Equipment)",Common Stock,TWN,,971000.0,,29276798.0
gsam_emerging_markets_equity,"April 30, 2024",Merida Industry Co. Ltd. ( Consumer Durables& Apparel),Common Stock,TWN,,837000.0,,6014253.0
gsam_emerging_markets_equity,"April 30, 2024",Nien Made Enterprise Co. Ltd. ( Consumer Durables& Apparel),Common Stock,TWN,,1272000.0,,14865047.0
gsam_emerging_markets_equity,"April 30, 2024",Taiwan Semiconductor Manufffacturing Co. Ltd. ( Semiconductors& Semiconductor Equipment),Common Stock,TWN,,10604883.0,,253920868.0
gsam_emerging_markets_equity,"April 30, 2024",Unimicron Technology Corp. ( TTTechnology Hardware& Equipment),Common Stock,TWN,,2627000.0,,14527378.0
gsam_emerging_markets_equity,"April 30, 2024",United Microelectronics Corp.( Semiconductors& Semiconductor Equipment),Common Stock,TWN,,12775000.0,,398433703.0
gsam_emerging_markets_equity,"April 30, 2024",PTTExploration& Production PCL( Energy) United Arab Emirates–0.,Common Stock,THA,,4159500.0,,3.0
gsam_emerging_markets_equity,"April 30, 2024",Abu Dhabi Islamic Bank PJSC ( Banks),Common Stock,THA,,2708564.0,,8229893.0
gsam_emerging_markets_equity,"April 30, 2024",GCCSABde CV( Materials),Common Stock,USA,,777692.0,,8851591.0
gsam_emerging_markets_equity,"April 30, 2024",Samsonite International SA( Consumer Durables& Apparel)*(a),Common Stock,USA,,5453700.0,,2648990319.0
gsam_emerging_markets_equity,"April 30, 2024",Caixa Seguridade Participacoes SA( Insurance),Common Stock,BRA,,19200.0,,57904.0
gsam_emerging_markets_equity,"April 30, 2024",Fleury SA( Health Care Equipment& Services),Common Stock,BRA,,16400.0,,45733.0
gsam_emerging_markets_equity,"April 30, 2024","Mercado Libre, Inc.( Consumer Discretionary Distribution& Retail)*",Common Stock,BRA,,119.0,,173585.0
gsam_emerging_markets_equity,"April 30, 2024","NUHoldings Ltd., Class A ( Banks)*",Common Stock,BRA,,7726.0,,83904.0
gsam_emerging_markets_equity,"April 30, 2024",Odontoprev SA( Health Care Equipment& Services),Common Stock,BRA,,5616.0,,12924.0
gsam_emerging_markets_equity,"April 30, 2024",PRIOSA( Energy),Common Stock,BRA,,5100.0,,47144.0
gsam_emerging_markets_equity,"April 30, 2024",Raia Drogasil SA( Consumer Staples Distribution& Retail),Common Stock,BRA,,13300.0,,65519.0
gsam_emerging_markets_equity,"April 30, 2024",Rumo SA( TTTransportation)*,Common Stock,BRA,,12100.0,,46978.0
gsam_emerging_markets_equity,"April 30, 2024","Sao Martinho SA( Fooddd, Beverage& TTTobacco)",Common Stock,BRA,,7000.0,,38541.0
gsam_emerging_markets_equity,"April 30, 2024",Sendas Distribuidora SA ( Consumer Staples Distribution & Retail)*,Common Stock,BRA,,32300.0,,81612.0
gsam_emerging_markets_equity,"April 30, 2024",TIMSA( TTTelecommunication Services),Common Stock,BRA,,24900.0,,84445.0
gsam_emerging_markets_equity,"April 30, 2024",TOTVSSA( Software& Services),Common Stock,BRA,,14300.0,,75843.0
gsam_emerging_markets_equity,"April 30, 2024",Vivara Participacoes SA ( Consumer Durables& Apparel),Common Stock,BRA,,5900.0,,839311.0
gsam_emerging_markets_equity,"April 30, 2024","Commercial International Bank - Egypt( CIB), GDR( Banks)",Common Stock,EGY,,19343.0,,28666.0
gsam_emerging_markets_equity,"April 30, 2024",Hellenic Telecommunications Organization SA ( TTTelecommunication Services),Common Stock,GRC,,3147.0,,47808.0
gsam_emerging_markets_equity,"April 30, 2024",JUMBOSA( Consumer Discretionary Distribution& Retail),Common Stock,GRC,,2604.0,,81091.0
gsam_emerging_markets_equity,"April 30, 2024",Mytilineos SA( Capital Goods),Common Stock,GRC,,1053.0,,42720.0
gsam_emerging_markets_equity,"April 30, 2024",National Bankof Greece SA ( Banks)*,Common Stock,GRC,,19853.0,,160175.0
gsam_emerging_markets_equity,"April 30, 2024",Piraeus Financial Holdings SA ( Banks)*,Common Stock,GRC,,12049.0,,380062.0
gsam_emerging_markets_equity,"April 30, 2024",Amber Enterprises India Ltd.( Consumer Durables& Apparel)*,Common Stock,IND,,1209.0,,55512.0
gsam_emerging_markets_equity,"April 30, 2024",Apollo Hospitals Enterprise Ltd.( Health Care Equipment& Services),Common Stock,IND,,1476.0,,104981.0
gsam_emerging_markets_equity,"April 30, 2024",Axis Bank Ltd.( Banks),Common Stock,IND,,11422.0,,159429.0
gsam_emerging_markets_equity,"April 30, 2024",Bajaj Finance Ltd.( Financial Services),Common Stock,IND,,804.0,,66694.0
gsam_emerging_markets_equity,"April 30, 2024",Bharti Airtel Ltd. ( TTTelecommunication Services),Common Stock,IND,,8988.0,,142268.0
gsam_emerging_markets_equity,"April 30, 2024",CMSInfo Systems Ltd. ( Commercial& Professional Services),Common Stock,IND,,7741.0,,38428.0
gsam_emerging_markets_equity,"April 30, 2024",Coforge Ltd.( Software& Services),Common Stock,IND,,1282.0,,78066.0
gsam_emerging_markets_equity,"April 30, 2024",Computer Age Management Services Ltd.( Commercial& Professional Services),Common Stock,IND,,1731.0,,66346.0
gsam_emerging_markets_equity,"April 30, 2024",Craftsman Automation Ltd. ( Capital Goods),Common Stock,IND,,824.0,,43637.0
gsam_emerging_markets_equity,"April 30, 2024",Five- Star Business Finance Ltd. ( Financial Services)*,Common Stock,IND,,5629.0,,51057.0
gsam_emerging_markets_equity,"April 30, 2024",Godrej Consumer Products Ltd.( Household& Personal Products),Common Stock,IND,,7309.0,,106671.0
gsam_emerging_markets_equity,"April 30, 2024",Godrej Properties Ltd. ( Real Estate Management& Development)*,Common Stock,IND,,3136.0,,99118.0
gsam_emerging_markets_equity,"April 30, 2024",Gokaldas Exports Ltd. ( Consumer Durables& Apparel),Common Stock,IND,,6243.0,,65813.0
gsam_emerging_markets_equity,"April 30, 2024",Hindalco Industries Ltd. ( Materials),Common Stock,IND,,16450.0,,126513.0
gsam_emerging_markets_equity,"April 30, 2024",Home First Finance Co. India Ltd.( Financial Services)(a),Common Stock,IND,,3306.0,,36066.0
gsam_emerging_markets_equity,"April 30, 2024",ICICIBank Ltd.( Banks),Common Stock,IND,,21844.0,,300987.0
gsam_emerging_markets_equity,"April 30, 2024",Info Edge India Ltd.( Media& Entertainment),Common Stock,IND,,765.0,,55328.0
gsam_emerging_markets_equity,"April 30, 2024",Infosys Ltd.( Software& Services),Common Stock,IND,,8021.0,,135431.0
gsam_emerging_markets_equity,"April 30, 2024",Jio Financial Services Ltd. ( Financial Services)*,Common Stock,IND,,18304.0,,82426.0
gsam_emerging_markets_equity,"April 30, 2024",Kfffin Technologies Ltd. ( Financial Services)*,Common Stock,IND,,6249.0,,55897.0
gsam_emerging_markets_equity,"April 30, 2024",Naaavin Fluorine International Ltd.( Materials),Common Stock,IND,,1570.0,,64171.0
gsam_emerging_markets_equity,"April 30, 2024",Netweb Technologies India Ltd.( TTTechnology Hardware& Equipment)*,Common Stock,IND,,2968.0,,59365.0
gsam_emerging_markets_equity,"April 30, 2024",Reliance Industries Ltd. ( Energy),Common Stock,IND,,2768.0,,97169.0
gsam_emerging_markets_equity,"April 30, 2024",SBILife Insurance Co. Ltd. ( Insurance)(a),Common Stock,IND,,4092.0,,70400.0
gsam_emerging_markets_equity,"April 30, 2024",Sona Blllw Precision Forgings Ltd.( Automobiles& Components)(a),Common Stock,IND,,8289.0,,61960.0
gsam_emerging_markets_equity,"April 30, 2024","Sun Pharmaceutical Industries Ltd.( Pharmaceuticals, Biotechnology& Life Sciences)",Common Stock,IND,,7909.0,,142087.0
gsam_emerging_markets_equity,"April 30, 2024","Suven Pharmaceuticals Ltd.( Pharmaceuticals, Biotechnology& Life Sciences)*",Common Stock,IND,,5768.0,,45492.0
gsam_emerging_markets_equity,"April 30, 2024","Tata Consumer Products Ltd. ( Fooddd, Beverage& TTTobacco)",Common Stock,IND,,12648.0,,167488.0
gsam_emerging_markets_equity,"April 30, 2024",Team Lease Services Ltd. ( Commercial& Professional Services)*,Common Stock,IND,,986.0,,39124.0
gsam_emerging_markets_equity,"April 30, 2024",Samsung Electronics Co. Ltd. ( TTTechnology Hardware& Equipment),Common Stock,KOR,,16386.0,,910843.0
gsam_emerging_markets_equity,"April 30, 2024",Samsung SDICo. Ltd. ( TTTechnology Hardware& Equipment),Common Stock,KOR,,330.0,,1695209.0
gsam_emerging_markets_equity,"April 30, 2024",Chailease Holding Co. Ltd. ( Financial Services),Common Stock,TWN,,18260.0,,96308.0
gsam_emerging_markets_equity,"April 30, 2024","Chroma ATE, Inc.( TTTechnology Hardware& Equipment)",Common Stock,TWN,,7000.0,,56852.0
gsam_emerging_markets_equity,"April 30, 2024","Delta Electronics, Inc. ( TTTechnology Hardware& Equipment)",Common Stock,TWN,,14000.0,,137106.0
gsam_emerging_markets_equity,"April 30, 2024","EInk Holdings, Inc. ( TTTechnology Hardware& Equipment)",Common Stock,TWN,,7000.0,,44753.0
gsam_emerging_markets_equity,"April 30, 2024",Jentech Precision Industrial Co. Ltd.( Semiconductors& Semiconductor Equipment),Common Stock,TWN,,2000.0,,59505.0
gsam_emerging_markets_equity,"April 30, 2024","Media TTTek, Inc.( Semiconductors & Semiconductor Equipment)",Common Stock,TWN,,6000.0,,180907.0
gsam_emerging_markets_equity,"April 30, 2024",Nien Made Enterprise Co. Ltd. ( Consumer Durables& Apparel),Common Stock,TWN,,6000.0,,70118.0
gsam_emerging_markets_equity,"April 30, 2024",Taiwan Semiconductor Manufffacturing Co. Ltd. ( Semiconductors& Semiconductor Equipment),Common Stock,TWN,,62000.0,,1484514.0
gsam_emerging_markets_equity,"April 30, 2024",Unimicron Technology Corp. ( TTTechnology Hardware& Equipment),Common Stock,TWN,,19000.0,,105070.0
gsam_emerging_markets_equity,"April 30, 2024",United Microelectronics Corp.( Semiconductors& Semiconductor Equipment),Common Stock,TWN,,85000.0,,130596.0
gsam_emerging_markets_equity,"April 30, 2024",Yageo Corp.( TTTechnology Hardware& Equipment),Common Stock,TWN,,4000.0,,2442027.0
gsam_emerging_markets_equity,"April 30, 2024",Airportsof Thailand PCL ( TTTransportation),Common Stock,THA,,29400.0,,51618.0
gsam_emerging_markets_equity,"April 30, 2024","Bangkok Dusit Medical Services PCL, Class F( Health Care Equipment& Services)",Common Stock,THA,,87700.0,,68483.0
gsam_emerging_markets_equity,"April 30, 2024",PTTExploration& Production PCL( Energy) United Arab Emirates–1.,Common Stock,THA,,23900.0,,4.0
gsam_emerging_markets_equity,"April 30, 2024",Abu Dhabi Islamic Bank PJSC ( Banks),Common Stock,THA,,18193.0,,55279.0
gsam_emerging_markets_equity,"April 30, 2024",ADNOCDrilling Co. PJSC ( Energy),Common Stock,THA,,69496.0,,73036.0
gsam_emerging_markets_equity,"April 30, 2024",Emirates Central Cooling Systems Corp.( Utilities),Common Stock,THA,,63523.0,,155814.0
gsam_emerging_markets_equity,"April 30, 2024",GCCSABde CV( Materials),Preferred Stock,USA,,3952.0,,1.0
gsam_emerging_markets_equity,"April 30, 2024",Itau Unibanco Holding SA ( Banks) 7.53%,Preferred Stock,BRA,,13500.0,,81531.0
gsam_emerging_markets_equity,"April 30, 2024",Marcopolo SA ( Capital Goods) 7.11,Preferred Stock,BRA,,28560.0,,117777.0
gsam_emerging_markets_equity,"April 30, 2024",Marcopolo SA ( Capital Goods) 7.11,Preferred Stock,BRA,,28560.0,,117777.0
gsam_emerging_markets_equity,"April 30, 2024",Caixa Seguridade Participacoes SA( Insurance),Common Stock,BRA,,24263.0,,73173.0
gsam_emerging_markets_equity,"April 30, 2024","Mercado Libre, Inc.( Consumer Discretionary Distribution& Retail)*",Common Stock,BRA,,296.0,,431775.0
gsam_emerging_markets_equity,"April 30, 2024","NUHoldings Ltd., Class A ( Banks)*",Common Stock,BRA,,16593.0,,180200.0
gsam_emerging_markets_equity,"April 30, 2024",Raia Drogasil SA( Consumer Staples Distribution& Retail),Common Stock,BRA,,18600.0,,91628.0
gsam_emerging_markets_equity,"April 30, 2024",Rumo SA( TTTransportation)*,Common Stock,BRA,,23300.0,,90461.0
gsam_emerging_markets_equity,"April 30, 2024",TIMSA( TTTelecommunication Services),Common Stock,BRA,,44300.0,,150238.0
gsam_emerging_markets_equity,"April 30, 2024",Vivara Participacoes SA ( Consumer Durables& Apparel),Common Stock,BRA,,8900.0,,1055457.0
gsam_emerging_markets_equity,"April 30, 2024",Alibaba Group Holding Ltd. ( Consumer Discretionary Distribution& Retail),Common Stock,CHN,,77127.0,,722145.0
gsam_emerging_markets_equity,"April 30, 2024",ANTTTASports Products Ltd. ( Consumer Durables& Apparel),Common Stock,CHN,,24200.0,,273968.0
gsam_emerging_markets_equity,"April 30, 2024","BYDCo. Ltd., Class H ( Automobiles& Components)",Common Stock,CHN,,9000.0,,246713.0
gsam_emerging_markets_equity,"April 30, 2024","China Merchants Bank Co. Ltd., Class H( Banks)",Common Stock,CHN,,103500.0,,448244.0
gsam_emerging_markets_equity,"April 30, 2024","China Yangtze Power Co. Ltd., Class A( Utilities)",Common Stock,CHN,,38099.0,,135458.0
gsam_emerging_markets_equity,"April 30, 2024","Contemporary Amperex Technology Co. Ltd., Class A ( Capital Goods)",Common Stock,CHN,,9960.0,,278099.0
gsam_emerging_markets_equity,"April 30, 2024","KEHoldings, Inc. ADR ( Real Estate Management& Development)",Common Stock,CHN,,11251.0,,170115.0
gsam_emerging_markets_equity,"April 30, 2024","Meituan, Class B( Consumer Services)*(a)",Common Stock,CHN,,27700.0,,378230.0
gsam_emerging_markets_equity,"April 30, 2024","Midea Group Co. Ltd., Class A ( Consumer Durables& Apparel)",Common Stock,CHN,,20000.0,,192021.0
gsam_emerging_markets_equity,"April 30, 2024","NARITechnology Co. Ltd., Class A( Capital Goods)",Common Stock,CHN,,37900.0,,122370.0
gsam_emerging_markets_equity,"April 30, 2024","PICCProperty& Casualty Co. Ltd., Class H( Insurance)",Common Stock,CHN,,118000.0,,146601.0
gsam_emerging_markets_equity,"April 30, 2024","Ping An Insurance Group Co.of China Ltd., Class H( Insurance)",Common Stock,CHN,,54500.0,,246999.0
gsam_emerging_markets_equity,"April 30, 2024","Shenzhen Mindraaay Bio- Medical Electronics Co. Ltd., Class A ( Health Care Equipment& Services)",Common Stock,CHN,,4500.0,,188626.0
gsam_emerging_markets_equity,"April 30, 2024",Shenzhou International Group Holdings Ltd.( Consumer Durables& Apparel),Common Stock,CHN,,23700.0,,232952.0
gsam_emerging_markets_equity,"April 30, 2024",Silergy Corp.( Semiconductors & Semiconductor Equipment),Common Stock,CHN,,14000.0,,185936.0
gsam_emerging_markets_equity,"April 30, 2024",Tencent Holdings Ltd.( Media & Entertainment),Common Stock,CHN,,34800.0,,1527135.0
gsam_emerging_markets_equity,"April 30, 2024",Tencent Music Entertainment Group ADR( Media& Entertainment)*,Common Stock,CHN,,7865.0,,98706.0
gsam_emerging_markets_equity,"April 30, 2024","Weichai Power Co. Ltd., Class H( Capital Goods)",Common Stock,CHN,,94000.0,,192076.0
gsam_emerging_markets_equity,"April 30, 2024","Will Semiconductor Co. Ltd. Shanghai, Class A( Semiconductors& Semiconductor Equipment)",Common Stock,CHN,,12900.0,,179949.0
gsam_emerging_markets_equity,"April 30, 2024","Yunnan Aluminium Co. Ltd., Class A( Materials)",Common Stock,CHN,,138800.0,,273420.0
gsam_emerging_markets_equity,"April 30, 2024","Zhejiang Sanhua Intelligent Controls Co. Ltd., Class A ( Capital Goods)",Common Stock,CHN,,39550.0,,119187.0
gsam_emerging_markets_equity,"April 30, 2024","Zhongji Innolight Co. Ltd., Class A( Technology Hardware & Equipment)",Common Stock,CHN,,6300.0,,158529.0
gsam_emerging_markets_equity,"April 30, 2024","ZTOExpress Caaayman, Inc. ADR( TTTransportation)",Common Stock,CHN,,8227.0,,6690164.0
gsam_emerging_markets_equity,"April 30, 2024","Commercial International Bank - Egypt( CIB), GDR( Banks)",Common Stock,EGY,,88619.0,,131333.0
gsam_emerging_markets_equity,"April 30, 2024",JUMBOSA( Consumer Discretionary Distribution& Retail),Common Stock,GRC,,6048.0,,188340.0
gsam_emerging_markets_equity,"April 30, 2024",Mytilineos SA( Capital Goods),Common Stock,GRC,,1816.0,,73675.0
gsam_emerging_markets_equity,"April 30, 2024",National Bankof Greece SA ( Banks)*,Common Stock,GRC,,39893.0,,321858.0
gsam_emerging_markets_equity,"April 30, 2024",Piraeus Financial Holdings SA ( Banks)*,Common Stock,GRC,,15706.0,,646791.0
gsam_emerging_markets_equity,"April 30, 2024",Hong Kong Exchanges& Clearing Ltd.( Financial Services),Common Stock,HKG,,3567.0,,113339.0
gsam_emerging_markets_equity,"April 30, 2024",Apollo Hospitals Enterprise Ltd.( Health Care Equipment& Services),Common Stock,IND,,3780.0,,268853.0
gsam_emerging_markets_equity,"April 30, 2024",Axis Bank Ltd.( Banks),Common Stock,IND,,22968.0,,320590.0
gsam_emerging_markets_equity,"April 30, 2024",Bajaj Finance Ltd.( Financial Services),Common Stock,IND,,2866.0,,237741.0
gsam_emerging_markets_equity,"April 30, 2024",Godrej Properties Ltd. ( Real Estate Management& Development)*,Common Stock,IND,,7147.0,,225891.0
gsam_emerging_markets_equity,"April 30, 2024",ICICIBank Ltd.( Banks),Common Stock,IND,,51729.0,,712771.0
gsam_emerging_markets_equity,"April 30, 2024",Info Edge India Ltd.( Media& Entertainment),Common Stock,IND,,2821.0,,204025.0
gsam_emerging_markets_equity,"April 30, 2024",Infosys Ltd. ADR( Software& Services),Common Stock,IND,,16999.0,,284053.0
gsam_emerging_markets_equity,"April 30, 2024",Jio Financial Services Ltd. ( Financial Services)*,Common Stock,IND,,60554.0,,272684.0
gsam_emerging_markets_equity,"April 30, 2024",SBILife Insurance Co. Ltd. ( Insurance)(a) Theaccompanyingnotesareanintegralpartofthesefinancialstatements.,Common Stock,IND,,15575.0,,27.0
gsam_emerging_markets_equity,"April 30, 2024",Sona Blllw Precision Forgings Ltd.( Automobiles& Components)(a),Common Stock,IND,,19235.0,,143780.0
gsam_emerging_markets_equity,"April 30, 2024","Sun Pharmaceutical Industries Ltd.( Pharmaceuticals, Biotechnology& Life Sciences)",Common Stock,IND,,15169.0,,272514.0
gsam_emerging_markets_equity,"April 30, 2024","Tata Consumer Products Ltd. ( Fooddd, Beverage& TTTobacco)",Common Stock,IND,,43165.0,,571602.0
gsam_emerging_markets_equity,"April 30, 2024",Zomato Ltd.( Consumer Services)*,Common Stock,IND,,269124.0,,4403582.0
gsam_emerging_markets_equity,"April 30, 2024",Bank Central Asia Tbk PT ( Banks),Common Stock,IDN,,860800.0,,517586.0
gsam_emerging_markets_equity,"April 30, 2024",Alsea SABde CV( Consumer Services)*,Common Stock,MEX,,57500.0,,240865.0
gsam_emerging_markets_equity,"April 30, 2024","America Mooovil SABde CVVV, Series B( Telecommunication Services)",Common Stock,MEX,,123400.0,,117488.0
gsam_emerging_markets_equity,"April 30, 2024","Arca Continental SABde CV ( Fooddd, Beverage& TTTobacco)",Common Stock,MEX,,22899.0,,223392.0
gsam_emerging_markets_equity,"April 30, 2024",Bancodel Bajio SA( Banks)(a),Common Stock,MEX,,23400.0,,86274.0
gsam_emerging_markets_equity,"April 30, 2024",Prologis Property Mexico SAde CVREIT( Equity Real Estate Innnvestment Trusts( REITs)),Common Stock,MEX,,34180.0,,134799.0
gsam_emerging_markets_equity,"April 30, 2024",Wal- Martde Mexico SAB de CV( Consumer Staples Distribution& Retail),Common Stock,MEX,,46201.0,,975208.0
gsam_emerging_markets_equity,"April 30, 2024",Credicorp Ltd.( Banks),Common Stock,PER,,1057.0,,175050.0
gsam_emerging_markets_equity,"April 30, 2024","BDOUnibank, Inc.( Banks)",Common Stock,PHL,,42110.0,,108030.0
gsam_emerging_markets_equity,"April 30, 2024",Jollibee Foods Corp.( Consumer Services),Common Stock,PHL,,10250.0,,41677.0
gsam_emerging_markets_equity,"April 30, 2024","Monde Nissin Corp.( Fooddd, Beverage& TTTobacco)(a)",Common Stock,PHL,,1046300.0,,342650.0
gsam_emerging_markets_equity,"April 30, 2024",Societatea De Producere AEnergiei Electricein Hidrocentrale Hidroelectrica SA ( Utilities)* Russia–0.,Common Stock,ROU,,4286.0,,0.0
gsam_emerging_markets_equity,"April 30, 2024",Alinma Bank( Banks),Common Stock,SAU,,19681.0,,174581.0
gsam_emerging_markets_equity,"April 30, 2024",Co.for Cooperative Insurance ( The)( Insurance),Common Stock,SAU,,4794.0,,190262.0
gsam_emerging_markets_equity,"April 30, 2024",Saudi National Bank( The) ( Banks),Common Stock,SAU,,10213.0,,467080.0
gsam_emerging_markets_equity,"April 30, 2024",Clicks Group Ltd.( Consumer Staples Distribution& Retail),Common Stock,ZAF,,19775.0,,306303.0
gsam_emerging_markets_equity,"April 30, 2024",Old Mutual Ltd.( Insurance),Common Stock,ZAF,,199575.0,,423156.0
gsam_emerging_markets_equity,"April 30, 2024",Hyundai Motor Co. ( Automobiles& Components),Common Stock,KOR,,1104.0,,198583.0
gsam_emerging_markets_equity,"April 30, 2024","KBFinancial Group, Inc. ( Banks)",Common Stock,KOR,,4327.0,,234683.0
gsam_emerging_markets_equity,"April 30, 2024","LGElectronics, Inc.( Consumer Durables& Apparel)",Common Stock,KOR,,3087.0,,205601.0
gsam_emerging_markets_equity,"April 30, 2024",NCSoft Corp.( Media& Entertainment),Common Stock,KOR,,462.0,,58374.0
gsam_emerging_markets_equity,"April 30, 2024","Orion Corp.( Fooddd, Beverage& Tobacco)",Common Stock,KOR,,569.0,,38080.0
gsam_emerging_markets_equity,"April 30, 2024",Samsung Electronics Co. Ltd. ( TTTechnology Hardware& Equipment),Common Stock,KOR,,27987.0,,1555703.0
gsam_emerging_markets_equity,"April 30, 2024",Samsung SDICo. Ltd. ( TTTechnology Hardware& Equipment),Common Stock,KOR,,581.0,,2470825.0
gsam_emerging_markets_equity,"April 30, 2024",Chailease Holding Co. Ltd. ( Financial Services),Common Stock,TWN,,37731.0,,199003.0
gsam_emerging_markets_equity,"April 30, 2024","Delta Electronics, Inc. ( TTTechnology Hardware& Equipment)",Common Stock,TWN,,25000.0,,244833.0
gsam_emerging_markets_equity,"April 30, 2024","Media TTTek, Inc.( Semiconductors & Semiconductor Equipment)",Common Stock,TWN,,13000.0,,391965.0
gsam_emerging_markets_equity,"April 30, 2024",Nien Made Enterprise Co. Ltd. ( Consumer Durables& Apparel),Common Stock,TWN,,13000.0,,151923.0
gsam_emerging_markets_equity,"April 30, 2024",Taiwan Semiconductor Manufffacturing Co. Ltd. ( Semiconductors& Semiconductor Equipment),Common Stock,TWN,,98000.0,,2346489.0
gsam_emerging_markets_equity,"April 30, 2024",Unimicron Technology Corp. ( TTTechnology Hardware& Equipment),Common Stock,TWN,,30000.0,,165901.0
gsam_emerging_markets_equity,"April 30, 2024",United Microelectronics Corp.( Semiconductors& Semiconductor Equipment) United Arab Emirates–0.,Common Stock,TWN,,130000.0,,3.0
gsam_emerging_markets_equity,"April 30, 2024",Abu Dhabi Islamic Bank PJSC ( Banks),Common Stock,TWN,,22869.0,,22305361.0
gsam_emerging_markets_equity,"April 30, 2024","Nooovo Nordisk A/ S, Class B( Pharmaceuticals, Biotechnology& Life Sciences) Finland–3.",Common Stock,DNK,,132148.0,,0.0
gsam_emerging_markets_equity,"April 30, 2024",Neste OYJ( Energy),Common Stock,DNK,,1417179.0,,32126204.0
gsam_emerging_markets_equity,"April 30, 2024",BNPParibas SA( Banks),Common Stock,FRA,,644269.0,,46362815.0
gsam_emerging_markets_equity,"April 30, 2024",Vinci SA( Capital Goods),Common Stock,FRA,,276260.0,,78733889.0
gsam_emerging_markets_equity,"April 30, 2024",Infffineon Technologies AG( Semiconductors& Semiconductor Equipment),Common Stock,DEU,,931536.0,,32327133.0
gsam_emerging_markets_equity,"April 30, 2024",AIAGroup Ltd.( Insurance),Common Stock,HKG,,4472400.0,,32757459.0
gsam_emerging_markets_equity,"April 30, 2024",Moncler Sp A( Consumer Durables& Apparel),Common Stock,ITA,,327600.0,,22303721.0
gsam_emerging_markets_equity,"April 30, 2024",Hoooya Corp.( Health Care Equipment& Services),Common Stock,JPN,,189600.0,,21982191.0
gsam_emerging_markets_equity,"April 30, 2024",Keyence Corp.( TTTechnology Hardware& Equipment),Common Stock,JPN,,62200.0,,27353685.0
gsam_emerging_markets_equity,"April 30, 2024",Nomura Research Institute Ltd. ( Software& Services),Common Stock,JPN,,1206600.0,,29197184.0
gsam_emerging_markets_equity,"April 30, 2024",ORIXCorp.( Financial Services),Common Stock,JPN,,1856100.0,,37985860.0
gsam_emerging_markets_equity,"April 30, 2024",Shiseido Co. Ltd.( Household& Personal Products),Common Stock,JPN,,658400.0,,17624221.0
gsam_emerging_markets_equity,"April 30, 2024","Sumitomo Mitsui Financial Group, Inc.( Banks)",Common Stock,JPN,,707000.0,,40160296.0
gsam_emerging_markets_equity,"April 30, 2024","Takeda Pharmaceutical Co. Ltd.( Pharmaceuticals, Biotechnology& Life Sciences)",Common Stock,JPN,,1250473.0,,207168458.0
gsam_emerging_markets_equity,"April 30, 2024",Aalberts NV( Capital Goods),Common Stock,NLD,,624383.0,,29686805.0
gsam_emerging_markets_equity,"April 30, 2024",Koninklijke Ahold Delhaize NV ( Consumer Staples Distribution & Retail),Common Stock,NLD,,1449277.0,,73678436.0
gsam_emerging_markets_equity,"April 30, 2024",Banco Bilbao Vizcaaaya Argentaria SA( Banks),Common Stock,ESP,,3022776.0,,32688225.0
gsam_emerging_markets_equity,"April 30, 2024",Cellnex TTTelecom SA ( TTTelecommunication Services)*(a),Common Stock,ESP,,963411.0,,31845271.0
gsam_emerging_markets_equity,"April 30, 2024",Iberdrola SA( Utilities),Common Stock,ESP,,3815481.0,,111317331.0
gsam_emerging_markets_equity,"April 30, 2024","Hexagon AB, Class B ( TTTechnology Hardware& Equipment)(b)",Common Stock,SWE,,2385482.0,,24954464.0
gsam_emerging_markets_equity,"April 30, 2024",DSM- Firmenich AG ( Materials)*,Common Stock,CHE,,192258.0,,21562609.0
gsam_emerging_markets_equity,"April 30, 2024","Lonza Group AG ( Pharmaceuticals, Biotechnology& Life Sciences)",Common Stock,CHE,,38043.0,,20999495.0
gsam_emerging_markets_equity,"April 30, 2024",UBSGroup AG( Financial Services),Common Stock,CHE,,721078.0,,18937875.0
gsam_emerging_markets_equity,"April 30, 2024",Zurich Insurance Group AG ( Insurance),Common Stock,CHE,,90254.0,,105187100.0
gsam_emerging_markets_equity,"April 30, 2024",Taiwan Semiconductor Manufffacturing Co. Ltd. ADR( Semiconductors& Semiconductor Equipment),Common Stock,TWN,,157648.0,,21651376.0
gsam_emerging_markets_equity,"April 30, 2024",Ashtead Group PLC( Capital Goods),Common Stock,GBR,,432257.0,,31387002.0
gsam_emerging_markets_equity,"April 30, 2024","Astra Zeneca PLC ( Pharmaceuticals, Biotechnology& Life Sciences)",Common Stock,GBR,,287647.0,,43506313.0
gsam_emerging_markets_equity,"April 30, 2024",Compass Group PLC ( Consumer Services),Common Stock,GBR,,400542.0,,11140567.0
gsam_emerging_markets_equity,"April 30, 2024",DSSmith PLC( Materials),Common Stock,GBR,,5819419.0,,25352483.0
gsam_emerging_markets_equity,"April 30, 2024",RELXPLC( Commercial& Professional Services),Common Stock,GBR,,785118.0,,32258054.0
gsam_emerging_markets_equity,"April 30, 2024",Rentokil Initial PLC ( Commercial& Professional Services),Common Stock,GBR,,5544419.0,,171632502.0
gsam_emerging_markets_equity,"April 30, 2024",Experian PLC( Commercial& Professional Services),Common Stock,USA,,558369.0,,22521227.0
gsam_emerging_markets_equity,"April 30, 2024",Ferguson PLC( Capital Goods),Common Stock,USA,,115402.0,,24333189.0
gsam_emerging_markets_equity,"April 30, 2024","Nestle SA( Fooddd, Beverage& Tobacco)",Common Stock,USA,,431656.0,,43338348.0
gsam_emerging_markets_equity,"April 30, 2024",Schneider Electric SE( Capital Goods),Common Stock,USA,,141423.0,,1053224144.0
gsam_emerging_markets_equity,"April 30, 2024",Rio Tinto PLC( Materials),Common Stock,,,930611.0,,62965873.0
gsam_emerging_markets_equity,"April 30, 2024",Transurban Group ( TTTransportation),Common Stock,,,2767487.0,,85184538.0
gsam_emerging_markets_equity,"April 30, 2024","Nooovo Nordisk A/ S, Class B( Pharmaceuticals, Biotechnology& Life Sciences)",Common Stock,DNK,,161406.0,,20699078.0
gsam_emerging_markets_equity,"April 30, 2024",BNPParibas SA( Banks),Common Stock,FRA,,690821.0,,49712785.0
gsam_emerging_markets_equity,"April 30, 2024",Gecina SAREIT( Equity Real Estate Innnvestment Trusts ( REITs)),Common Stock,FRA,,232511.0,,23739794.0
gsam_emerging_markets_equity,"April 30, 2024",LVMHMoet Hennessy Louis Vuitton SE( Consumer Durables & Apparel),Common Stock,FRA,,51273.0,,42117527.0
gsam_emerging_markets_equity,"April 30, 2024",Societe Generale SA( Banks),Common Stock,FRA,,1041049.0,,28051131.0
gsam_emerging_markets_equity,"April 30, 2024",Vinci SA( Capital Goods),Common Stock,FRA,,380121.0,,188162340.0
gsam_emerging_markets_equity,"April 30, 2024",Deutsche Telekom AG ( TTTelecommunication Services),Common Stock,DEU,,1185043.0,,27144094.0
gsam_emerging_markets_equity,"April 30, 2024",Enel Sp A( Utilities),Common Stock,ITA,,4391833.0,,28865068.0
gsam_emerging_markets_equity,"April 30, 2024",Uni Credit Sp A( Banks),Common Stock,ITA,,379744.0,,42803337.0
gsam_emerging_markets_equity,"April 30, 2024",ORIXCorp.( Financial Services),Common Stock,JPN,,2276700.0,,46593613.0
gsam_emerging_markets_equity,"April 30, 2024","Sumitomo Mitsui Financial Group, Inc.( Banks)",Common Stock,JPN,,761400.0,,43250424.0
gsam_emerging_markets_equity,"April 30, 2024","Takeda Pharmaceutical Co. Ltd.( Pharmaceuticals, Biotechnology& Life Sciences)",Common Stock,JPN,,842700.0,,22147902.0
gsam_emerging_markets_equity,"April 30, 2024",Tokyo Electron Ltd. ( Semiconductors& Semiconductor Equipment),Common Stock,JPN,,111700.0,,136492878.0
gsam_emerging_markets_equity,"April 30, 2024",Koninklijke Ahold Delhaize NV ( Consumer Staples Distribution & Retail),Common Stock,NLD,,1895071.0,,57523347.0
gsam_emerging_markets_equity,"April 30, 2024",Koninklijke KPNNV ( TTTelecommunication Services),Common Stock,NLD,,7500237.0,,84780212.0
gsam_emerging_markets_equity,"April 30, 2024",DBSGroup Holdings Ltd. ( Banks),Common Stock,SGP,,1175350.0,,29921365.0
gsam_emerging_markets_equity,"April 30, 2024",Singapore Exchange Ltd. ( Financial Services),Common Stock,SGP,,3487900.0,,53714163.0
gsam_emerging_markets_equity,"April 30, 2024",Banco Bilbao Vizcaaaya Argentaria SA( Banks),Common Stock,ESP,,2096393.0,,22670342.0
gsam_emerging_markets_equity,"April 30, 2024",Iberdrola SA( Utilities),Common Stock,ESP,,4162225.0,,73705808.0
gsam_emerging_markets_equity,"April 30, 2024",DSM- Firmenich AG ( Materials)*,Common Stock,CHE,,267457.0,,29996519.0
gsam_emerging_markets_equity,"April 30, 2024",Zurich Insurance Group AG ( Insurance),Common Stock,CHE,,85479.0,,71372319.0
gsam_emerging_markets_equity,"April 30, 2024",Taiwan Semiconductor Manufffacturing Co. Ltd. ( Semiconductors& Semiconductor Equipment),Common Stock,TWN,,1167000.0,,27942378.0
gsam_emerging_markets_equity,"April 30, 2024","Astra Zeneca PLC ( Pharmaceuticals, Biotechnology& Life Sciences)",Common Stock,GBR,,395298.0,,59788416.0
gsam_emerging_markets_equity,"April 30, 2024","Coca- Cola Europacifffic Partners PLC( Fooddd, Beverage& Tobacco)",Common Stock,GBR,,594619.0,,42824460.0
gsam_emerging_markets_equity,"April 30, 2024",DSSmith PLC( Materials),Common Stock,GBR,,10006306.0,,43592789.0
gsam_emerging_markets_equity,"April 30, 2024",HSBCHoldings PLC( Banks),Common Stock,GBR,,5384793.0,,46675141.0
gsam_emerging_markets_equity,"April 30, 2024",National Grid PLC( Utilities),Common Stock,GBR,,3172394.0,,41612812.0
gsam_emerging_markets_equity,"April 30, 2024",Unilever PLC( Household& Personal Products),Common Stock,GBR,,515356.0,,261153403.0
gsam_emerging_markets_equity,"April 30, 2024",BPPLC( Energy),Common Stock,USA,,8702337.0,,56092117.0
gsam_emerging_markets_equity,"April 30, 2024",Ferguson PLC( Capital Goods),Common Stock,USA,,192539.0,,40597978.0
gsam_emerging_markets_equity,"April 30, 2024","Nestle SA( Fooddd, Beverage& Tobacco)",Common Stock,USA,,432524.0,,43425495.0
gsam_emerging_markets_equity,"April 30, 2024","Sanofffi SA( Pharmaceuticals, Biotechnology& Life Sciences)",Common Stock,USA,,435027.0,,42977651.0
gsam_emerging_markets_equity,"April 30, 2024",Schneider Electric SE( Capital Goods),Common Stock,USA,,123988.0,,28270929.0
gsam_emerging_markets_equity,"April 30, 2024",Shell PLC( Energy),Common Stock,USA,,1955779.0,,69525249.0
gsam_emerging_markets_equity,"April 30, 2024",Swiss Re AG( Insurance),Common Stock,USA,,225456.0,,1378552253.0
